 <필터 바꾸셔도 됩니다>					<추천 인원수 (굵은 글씨는 베스트 인원수)>									134
보유게임명	난이도	위치	메커니즘	긱평점	1인	2인	3인	4인	5인	6인	7인	8인	8인 이상	안해본거
1862 이스턴 카운티	4.61	전략		8.2	1862	1862	1862	1862	1862	1862				x
5초준다	1.10	파티	단어연상	5.5			5초준다	5초준다	5초준다	5초준다				
7원더스	2.32	가족	드레프트/셋컬렉션	7.7			7원더스	7원더스	7원더스	7원더스	7원더스			
가짜예술가뉴욕에가다	1.12	작은	그림/속이기	7.1					가짜예술	가짜예술	가짜예술	가짜예술	~10	
갈팡질팡	1.17	파티	눈치	7.0		갈팡질팡	갈팡질팡	갈팡질팡	갈팡질팡	갈팡질팡	갈팡질팡	갈팡질팡	갈팡질팡	
그것이문제로다	1.05	파티	가치관추측	5.7				그것문제	그것문제	그것문제				
나나	1.05	작은	기억력 (사장추천★)	7.4			나나	나나	나나	나나				
내마음의주파수	1.10	파티	강도맞추기	7.2				내주파수	내주파수	내주파수	내주파수	내주파수	내주파수	
냥자역학연구소	1.28	작은	작은	5.9			냥자역학	냥자역학	냥자역학	냥자역학				x
너도나도	1.14	작은	같은단어쓰기	7.1				너도나도	너도나도	너도나도	너도나도	너도나도		
노땡스	1.13	작은	경매/벌점덜기	7.1			노땡스	노땡스	노땡스	노땡스	노땡스			
노터치크라켄	1.18	파티	마피아	7.3					노터치	노터치	노터치	노터치		
노팅엄의지방관	1.70	가족	협잡/블러핑	7.2				노팅엄의	노팅엄의	노팅엄의				
놉놉테이블	1.00	파티	파티	6.1			놉놉테이	놉놉테이	놉놉테이	놉놉테이	놉놉테이	놉놉테이		x
누가치즈를훔쳤을까	1.17	파티	마피아	7.0					누가치즈	누가치즈	누가치즈	누가치즈		
다운포스	1.72	가족		7.3		다운포스	다운포스	다운포스	다운포스	다운포스				x
다잉메시지 + 공범,만화가 확장	1.00	가족	협력추리	7.1		다잉메시	다빈치	다잉메시	다잉메시	다잉메시				
다크호스	1.07	파티	예측배팅	6.5		다크호스	다크호스	다크호스	다크호스	다크호스				
달무티	1.29	작은	클라이밍	6.6					달무티	달무티	달무티	달무티		
당나귀다리	1.00	파티	기억력	7.1			당나귀다	당나귀다	당나귀다	당나귀다				
데스티네이션x	1.25	파티	지리	6.6		데스티	데스티	데스티	데스티	데스티				
도블	1.03	작은	그림찾기	6.5		도블	도블	도블	도블	도블	도블			
두리안	1.11	작은	총개수/심리전	6.9			두리안	두리안	두리안	두리안	두리안			
두부왕국	1.58	파티	공주찾기	6.2					두부왕국	두부왕국	두부왕국	두부왕국		
디셉션	1.58	가족	추리마피아	7.4					디셉션	디셉션	디셉션	디셉션	~12인	
딕싯	1.20	파티	그림연상	7.2				딕싯	딕싯	딕싯	딕싯	딕싯		
딩고디스크	1.00	파티	균형잡기	6.4		딩고디스	딩고디스	딩고디스	딩고디스	딩고디스				
라마	1.05	작은	손패털기	6.5			라마	라마	라마	라마				
라이즈오브아우구스투스	1.64	가족	엔진빌딩	6.7		라오아	라오아	라오아	라오아	라오아				
러브레터	1.11	작은	상대 카드맞추기	7.2			러브레터	러브레터	러브레터	러브레터				
러브크래프트 레터	1.44	파티	파티	7.5			러브크래	러브크래	러브크래	러브크래				
레디셋벳	1.33	파티	경마	7.5				레디셋벳	레디셋벳	레디셋벳	레디셋벳	레디셋벳	레디셋벳	
레일로드잉크	1.46	파티	파티	7.2	레일잉크	레일잉크	레일잉크	레일잉크	레일잉크	레일잉크				x
레지스탕스 쿠	1.41	파티	상대패 맞추기	7.0			레지스탕	레지스탕	레지스탕	레지스탕				
로보77	1.06	작은	손패털기	5.6			로보77	로보77	로보77	로보77	로보77	로보77		
리버탈리아	2.16	가족	카드내기순서	7.4	리버탈리	리버탈리	리버탈리	리버탈리	리버탈리	리버탈리				
리코셰로봇	2.38	가족	프로그래밍	7.0	리코셰	리코셰	리코셰	리코셰	리코셰	리코셰	리코셰	리코셰	리코셰	
마블좀비	2.38	협력	협력	7.9	마블좀비	마블좀비	마블좀비	마블좀비	마블좀비	마블좀비				x
마헤	1.23	파티	레이싱	6.4			마헤	마헤	마헤	마헤	마헤			
메디치	2.24	가족	경매/셋컬렉션	7.2				메디치	메디치	메디치				
나의최애명대사	1.00	작은	작은	6.2		명대사	명대사	명대사	명대사	명대사				
모노폴리 딜럭스	1.62	가족	부루마불	4.4			모노폴리	모노폴리	모노폴리	모노폴리				x
모자가아니잖아	1.01	작은	기억력/블러핑	7.0				모자아니	모자아니	모자아니	모자아니	모자아니		
미노다이스	1.54	작은	주사위트릭테이킹	6.8			미노다이	미노다이	미노다이	미노다이				
바퀴벌레포커	1.10	작은	심리전	6.8			바퀴포커	바퀴포커	바퀴포커	바퀴포커				
방방곡곡 세계유랑	1.00	작은	손패털기	6.6			방방곡곡	방방곡곡	방방곡곡	방방곡곡				
뱀파이어퀸	1.09	작은	클라이밍(달무티)	6.5				뱀파퀸	뱀파퀸	뱀파퀸	뱀파퀸	뱀파퀸	뱀파퀸	
뱅	1.63	가족	액션마피아	6.5					뱅	뱅	뱅			
뱅 주사위	1.28	파티	액션마피아	6.9					뱅주사위	뱅주사위	뱅주사위	뱅주사위		
베티보터보우트썸버터	1.00	작은	발음하기	6.3		베티보터	베티보터	베티보터	베티보터	베티보터				
벨라티	1.07	파티	그림추측	7.0			벨라티	벨라티	벨라티	벨라티	벨라티			
보난자	1.67	작은	협상	7.1			보난자	보난자	보난자	보난자	보난자			
듄임페리움봉기	3.45	전략	덱빌딩영향력	8.7	봉기	봉기	봉기	봉기		봉기				
브레인토피아	1.06	작은	퀴즈	6.2		브레인토	브레인토	브레인토	브레인토	브레인토				
블리츠	1.04	작은	단어연상	6.7			블리츠	블리츠	블리츠	블리츠				
블러드바운드	1.63	가족	팀전/마피아	6.6						블바	블바	블바	블바(10인)	
사보타지	1.32	파티	심리전	6.5					사보타지	사보타지	사보타지	사보타지	~10인	
섀도우레이더스	1.67	가족	마피아/RPG	6.7					섀도우레	섀도우레	섀도우레	섀도우레		
서퍼사우르스맥스	1.17	파티	파티	7.0			서퍼사우	서퍼사우	서퍼사우	서퍼사우				
세트	1.66	가족	세트찾기	6.5	세트	세트	세트	세트	세트	세트	세트	세트		
셀레스티아 빅박스	2.00	파티	블러핑	7.8		셀레스티	셀레스티	셀레스티	셀레스티	셀레스티				
수상한생선들	1.00	작은	퀴즈/속이기	6.7					수상한생	수상한생	수상한생	수상한생	~10	
숲속의음악대	1.00	작은		5.4			숲속음악			숲속음악				
스위스사는스미스씨	1.00	작은	발음하기	5.9			스미스씨	스미스씨	스미스씨	스미스씨				
스컬	1.12	파티	심리전	7.2			스컬	스컬	스컬	스컬				
스컬퀸	1.56	작은	트릭테이킹/예측	7.3			스컬퀸	스컬퀸	스컬퀸	스컬퀸				
스컬킹	1.74	작은	트릭테이킹	7.5			스컬킹	스컬킹	스컬킹	스컬킹				
스타워즈에픽듀얼	1.78	가족	삼가동님 제공	7.0		스타에픽		스타에픽		스타에픽				
스파이시	1.34	파티	블러핑/클라이밍	7.2			스파이시	스파이시	스파이시	스파이시				
스파이폴	1.24	파티	술래속이기	6.7				스파이폴	스파이폴	스파이폴	스파이폴	스파이폴		
스파이폴2	1.24	파티	술래속이기	6.8					스파이폴2	스파이폴2	스파이폴2	스파이폴2	스파이폴2	
시퀀스 해리포터	1.32	파티	오목	6.2		시퀀스	시퀀스	시퀀스	시퀀스	시퀀스				
시타델	2.04	가족	협잡	7.2			시타델	시타델	시타델	시타델	시타델			
레지스탕스 아발론	1.74	가족	마피아	7.5					아발론	아발론	아발론	아발론	~10	
아임더보스	1.97	가족	협잡	6.8				아임더보	아임더보	아임더보				x
악마성의마차	1.97	가족	삼가동님 제공	6.4					악마마차	악마마차	악마마차	악마마차		
야채주식	1.08	작은	작은	6.8		야채주식	야채주식	야채주식	야채주식	야채주식				
언더워터항해기	1.00	작은	작은	6.4			언더항해	언더항해	언더항해	언더항해				x
에메랄드스컬	1.92	파티	야찌/배팅	7.0				에메랄드	에메랄드	에메랄드				
옛날옛적에	1.37	파티	이야기만들기	6.4			옛날옛적	옛날옛적	옛날옛적	옛날옛적				
오딘	1.24	작은	클라이밍	6.8		오딘	오딘	오딘	오딘	오딘				
오토배틀 챌린저스	1.79	가족	덱빌딩배틀	7.1		오토배틀		오토배틀		오토배틀		오토배틀		
왓츠잇투야	1.20	파티	강도맞추기	6.6				왓츠잇투	왓츠잇투	왓츠잇투	왓츠잇투	왓츠잇투		
요트다이스	1.18	파티	파티 ㅡ주사위운	5.5		요트다이	요트다이	요트다이	요트다이	요트다이				
우노(포켓몬우노)	1.10	작은	손패털기	5.5		우노	우노	우노	우노	우노	우노	우노		
워드캡처	1.13	파티	단어연상	6.7			워드캡처	워드캡처	워드캡처	워드캡처				
워드캡처 티키타카	1.13	파티	단어연상	6.7			워드캡처	워드캡처	워드캡처	워드캡처				
원더볼링	1.00	작은	피지컬	6.9		원더볼링	원더볼링	원더볼링	원더볼링	원더볼링				
웰컴투	1.84	가족	롤랜라이트	7.5	웰컴투	웰컴투	웰컴투	웰컴투	웰컴투	웰컴투	웰컴투	웰컴투	웰컴투	
웰컴투더문	2.48	가족	롤앤라이트	7.9	웰컴투더	웰컴투더	웰컴투더	웰컴투더	웰컴투더	웰컴투더				x
위자드	1.70	작은	클라이밍	7.0			위자드	위자드	위자드	위자드				x
유포리아+확장	3.12	전략		7.2		유포리아	유포리아	유포리아	유포리아	유포리아				x
이매진	1.07	파티	그림힌트주기	6.8			이매진	이매진	이매진	이매진	이매진	이매진		
인사이더	1.11	작은	스무고개/내부자	7.0				인사이더	인사이더	인사이더	인사이더	인사이더		
인생게임	1.17	파티	주사위	4.4		인생게임	인생게임	인생게임	인생게임	인생게임				
잉카의황금	1.11	파티	고or스톱	6.8			잉카황금	잉카황금	잉카황금	잉카황금	잉카황금	잉카황금		
잠만보다이스	1.18	작은	주사위족보	5.5		잠만보	잠만보	잠만보	잠만보	잠만보				
재치와눈치	1.09	파티	눈치/맞추기	6.9			재치눈치	재치눈치	재치눈치	재치눈치	재치눈치	재치눈치	~10인	
저스트원	1.04	파티	협력/단어연상	7.6				저스트원	저스트원	저스트원	저스트원			
젝스님트	1.19	작은	벌점안먹기	7.0			젝스님트	젝스님트	젝스님트	젝스님트	젝스님트	젝스님트	젝스님트	
젬블로	1.86	가족	타일놓기	6.8		젬블로		젬블로		젬블로				
차가운그녀가눈을뜨기전에	1.70	파티	마피아/블러핑	6.9				차그녀	차그녀	차그녀				
카멜레온	1.04	파티	마피아/단어	6.5				카멜레온	카멜레온	카멜레온	카멜레온	카멜레온		
카멜업2판	1.51	가족	베팅/레이싱	7.5			카멜업	카멜업	카멜업	카멜업	카멜업	카멜업		
캐시앤건즈	1.25	파티	총겨누기	6.6				캐시앤건	캐시앤건	캐시앤건	캐시앤건	캐시앤건		
코드네임	1.26	파티	팀/단어연상	7.5				코드네임	코드네임	코드네임	코드네임	코드네임		
코드네임(영어)	1.26	파티	팀/단어연상	7.5				코드네임	코드네임	코드네임	코드네임	코드네임		
코드네임픽처스	1.24	파티	팀전/단어연상	7.2				코드픽처	코드픽처	코드픽처	코드픽처	코드픽처	코드픽처	
콘셉트	1.38	파티	협력연상	6.7			콘셉트	콘셉트	콘셉트	콘셉트	콘셉트	콘셉트	~12	
쿠	1.32	작은	심리전	7.3			쿠	쿠	쿠	쿠	쿠	쿠		
퀘스트	1.87	가족	마피아	7.3				퀘스트	퀘스트	퀘스트	퀘스트	퀘스트		
크로스클루	1.07	파티	단어연상/협력	7.2		크로클루	크로클루	크로클루	크로클루	크로클루				
클루	1.65	가족	추리	5.7			클루	클루	클루	클루				
키플라워 + 농부들 확장	3.34	전략	경매/마을건설	7.7		키플라워	키플라워	키플라워	키플라워	키플라워				
타코캣고트치즈피자	1.02	작은	할리갈리	6.5			타코캣	타코캣	타코캣	타코캣	타코캣	타코캣		
탑텐티비	1.09	파티	강도맞추기	7.4				탑텐티비	탑텐티비	탑텐티비	탑텐티비	탑텐티비	~9	
텀블링다이스	1.04	몸	주사위튕기기	7.3		텀블링다	텀블링다	텀블링다	텀블링다	텀블링다	텀블링다	텀블링다	텀블링다	
텔레스트레이션	1.07	파티	그림맞추기	7.4					텔레스트	텔레스트	텔레스트	텔레스트		
투카나여행길	1.26	파티	롤앤라이트	7.4	투카나	투카나	투카나	투카나	투카나	투카나	투카나	투카나		x
트래블블로그(영)	1.52	파티	지리	6.1			트래블블	트래블블	트래블블	트래블블				
팀3 핑크	1.07	파티	3인 팀웍	6.9			팀3			팀3				
파워그리드	3.25	전략	경매/영향력	7.8			파워그리	파워그리	파워그리	파워그리				
페루도	1.25	파티	심리전	6.9			페루도	페루도	페루도	페루도				
펭귄파티	1.13	작은	쌓기/손패털기	6.6		펭귄파티	펭귄파티	펭귄파티	펭귄파티	펭귄파티				
포가튼워터스	2.10	협력		7.8		포가튼워	포가튼워	포가튼워	포가튼워	포가튼워	포가튼워			x
포인트샐러드 이브이에디션	1.14	파티	포인트샐러드	7.1		포인트샐	포인트샐	포인트샐		포인트샐				
포커칩세트	2.43	포커	블러핑/족보만들기	6.7			포커	포커	포커	포커	포커	포커	포커	
프리세이지	1.83	파티	팀전/카드	7.4				프리세이지		프리세이지				x
플래시포인트 (영)	2.20	협력		7.1	플래시	플래시	플래시	플래시	플래시	플래시				x
플립7	1.03	파티	운시험	7.2			플립7	플립7	플립7	플립7	플립7	플립7		
하베스트	1.10	작은	작은	7.3		하베스트	하베스트	하베스트	하베스트	하베스트				
하이다이브	1.00	작은	쌓기	6.3		하이다이	하이다이	하이다이	하이다이	하이다이				
한밤의늑대인간	1.38	파티	마피아	7.0				한밤의늑	한밤의늑	한밤의늑	한밤의늑	한밤의늑	~10인	
할라피노	1.40	작은	작은	6.3			할라피노	할라피노	할라피노	할라피노	할라피노	할라피노	할라피노	x
할리갈리	1.00	파티	순발력	5.9			할리갈리	할리갈리	할리갈리	할리갈리				
허리컵	1.31	파티	순발력/레이싱	5.5			허리컵	허리컵	허리컵	허리컵				x
화이트채플	2.65	전략		7.3		화이채플	화이채플	화이채플	화이채플	화이채플				x
황혼의비문	3.20	전략		7.4	황혼비문	황혼비문	황혼비문	황혼비문	황혼비문	황혼비문				x
히트	2.20	가족	덱빌딩/레이싱	8.0	히트	히트	히트	히트	히트	히트				
에이지오브스팀	3.87	전략	경매/철도	7.9			AOS	AOS	AOS	AOS				
1%의기적	1.60	가족		6.8		1%기적	1%기적	1%기적	1%기적					
12칩트릭	1.62	파티	블러핑	6.8			12칩	12칩						
5분 마블	1.14	파티	순발력/수치비교	6.7		5분마블	5분마블	5분마블	5분마블					
가이아프로젝트	4.39	전략	땅따먹기	8.4	가이아	가이아	가이아	가이아						
개구리벌주기	1.00	몸	타이밍	5.0										
개구리사탕먹기	1.00	몸	타이밍	4.2										
갠지스 다이스차머	2.29	가족		7.5		갠지스다	갠지스다	갠지스다						x
갠지스의 라자	2.90	전략	주사위일꾼	7.7		갠지스	갠지스	갠지스						
갤러리스트	4.22	전략	일꾼놓기/킥아웃	8.0	갤러	갤러	갤러	갤러						
갱오브포	1.86	가족	클라이밍/팀전	6.6			갱오브포	갱오브포						x
게놈의탑	-	머더미	머더미스터리	0.0							게놈의탑	게놈의탑		x
고고시티	1.57	가족		7.0	고고시티	고고시티	고고시티	고고시티						x
고스트	1.31	2인	심리전	6.4		고스트								
고질라도쿄클래시	2.28	가족	워게임	7.2		고질라	고질라	고질라						x
골드	1.00	작은	작은	6.7		골드	골드	골드	골드					x
골드러시	1.83	가족	경매/주사위	6.7										
구두룡저택의살인 (미스터리파티시리즈)	2.00	머더미	머더미스터리	7.6							구두룡	구두룡	구두룡	
궁신	1.43	파티	세트컬렉션/상호작용	7.3			궁신	궁신	궁신					
그라운드플로어	3.62	전략		7.3		그라운드	그라운드	그라운드						x
그랜드오스트리아호텔	3.21	2인	주사위일꾼/자원치환	8.0		그오호	그오호							
그레이트웨스턴트레일	3.70	전략	부루마불	8.2		그웨트	그웨트	그웨트						
그레이트웨스턴트레일 뉴질랜드	3.94	전략	부루마불/소팔기	8.5	뉴웨트	뉴웨트	뉴웨트	뉴웨트						
글래스로드	2.96	전략	자원치환	7.4	글래스	글래스	글래스	글래스						
글룸헤이븐	3.91	협력	협력	8.5	글룸	글룸	글룸	글룸						
기도하고일하라	3.89	전략		7.7	기도일	기도일	기도일	기도일						x
기즈모	2.03	가족	엔진빌딩/셋컬렉션	7.4		기즈모	기즈모	기즈모						
기차섬 탑승하세요	2.27	가족	카드자원	6.9	기차섬	기차섬	기차섬	기차섬						
기차섬(영)	2.02	작은	엔진빌딩	6.7		기차섬	기차섬	기차섬						
김밥요리사	1.00	파티	순발력	6.8		김밥요리	김밥요리	김밥요리						
꼬치의달인	1.00	파티	순발력	6.4			꼬치	꼬치						
끝나지않는한여름(미스터리파티시리즈)	-	머더미	머더미스터리											
나나 크리스마스에디션	1.00	작은	기억력/손패털기	7.4			나나	나나	나나					
나르	1.90	가족	셋컬렉션	7.5		나르	나르	나르						
남티그리스의학자들	4.13	배송예정		8.0	남티학	남티학	남티학	남티학						x
냥냥집사	1.00	별도	요트다이스	6.2		냥냥집사	냥냥집사	냥냥집사						
뉴클리엄	4.19	전략	네트워크	8.1	뉴클리엄	뉴클리엄	뉴클리엄	뉴클리엄						
늑대인간마을의축제(미스터리파티시리즈)	-	머더미	머더미스터리	6.9							늑대축제	늑대축제	늑대축제	x
니다벨리르	2.11	가족		7.6		니다벨리	니다벨리	니다벨리	니다벨리					
니말리아	1.67	파티		7.0		니말리아	니말리아	니말리아						x
니어앤파	2.88	전략	스토리	7.6		니어앤파	니어앤파	니어앤파						
다빈치코드	1.49	파티	추리	6.1		다빈치	다빈치	다빈치						
다빈치코드플러스	1.49	파티	추리	6.1		다빈치플	다빈치플	다빈치플						
다섯부족	2.84	2인	만칼라	7.8		다섯부족	다섯부족	다섯부족						
다윈의여정	3.90	전략	일꾼놓기/일꾼강화	8.1	다윈	다윈	다윈	다윈						
다윈의위대한발자취	1.67	파티	셋컬렉션	7.3		다윈발자	다윈발자	다윈발자	다윈발자					x
다이너스티 혼인과통치	3.00	전략	영향력/일꾼놓기	7.2			다이너스	다이너스	다이너스					
다크율	-	머더미	머더미스터리	0.0							다크율	다크율		x
대만차연대기	3.45	전략		7.4		대만차	대만차	대만차						x
더게임	1.24	작은	협력/카드털기	6.7	더게임	더게임	더게임	더게임	더게임					
더루프	2.79	협력	덱빌딩디펜스	7.7	더루프	더루프	더루프	더루프						
더리치앤더굿	2.15	가족	주식	7.2			더리치	더리치	더리치					x
더마인드	1.07	작은	협력/카드털기	6.7		더마인드	더마인드	더마인드						
던전레이더스	1.32	파티	파티	7.1			던전레이	던전레이	던전레이					x
던전로드	3.57	전략		7.3		던전로드	던전로드	던전로드						x
덤불속	1.44	작은	추리	6.4			덤불속	덤불속	덤불속					
데드맨스드로우	1.32	파티	운시험	6.9		데드맨스	데드맨스	데드맨스						
데드오브윈터	3.01	협력	생존	7.4			데드오브	데드오브	데드오브					
데스티니즈	1.92	협력	협력	7.7	데스티니	데스티니	데스티니							x
도르프로만틱	1.64	협력	타일놓기	7.6	도르프로	도르프로	도르프로							
도망자	1.70	2인	2인/경찰도둑	7.4		도망자								
도미니언	2.35	가족	덱빌딩	7.6		도미니언	도미니언	도미니언						
도미니언 약속된번영	2.47	가족	덱빌딩	8.2		도미니언	도미니언	도미니언						
도미니언 위대한제국	2.81	가족	덱빌딩	8.4		도미니언	도미니언	도미니언						
도미니언 장막뒤의사람들	2.41	가족	덱빌딩	7.7		도미니언	도미니언	도미니언						
도블 동물원	1.03	작은	그림찾기	6.5		도블	도블	도블	도블					
도적단의월급날	1.50	작은	케잌나누기	6.9		도적월급	도적월급	도적월급						
독수리눈치싸움	1.17	작은	작은	6.5			독수리	독수리	독수리					
동물왕와일드사파리	1.29	파티	셋컬렉션	6.9			와일사파	와일사파	와일사파					
동인도회사	3.05	전략		7.4			동인도회	동인도회						x
두근두근악어이빨	1.00	따로	-	0.0										
뒤죽박죽서커스	1.13	파티	쌓기	6.6		뒤죽서커	뒤죽서커	뒤죽서커						
뒤집어줘캡틴	1.18	파티	운시험/셋컬	7.1		뒤캡	뒤캡	뒤캡	뒤캡					
듄임페리움	3.05	전략	덱빌딩영향력	8.4	듄페리움	듄페리움	듄페리움	듄페리움						
드라큘라VS반헬싱	1.73	2인	2인	7.4		드라VS								
드랍잇 (독)	1.09	파티	블럭떨구기	6.9		드랍잇	드랍잇	드랍잇						
드림홈	1.65	가족		6.9		드림홈	드림홈	드림홈						x
디센트	2.69	협력	RPG/던전크롤링	7.9	디센트	디센트	디센트	디센트						x
디스워오브마인	3.31	협력	생존	7.8	디워마	디워마	디워마							
디스워오브마인 폐허가된도시이야기 확장	3.47	협력	생존	8.4	디워마폐	디워마폐	디워마폐							
라그랑하 디럭스 마스터	3.57	전략	주사위일꾼/계약서달성	8.2	라그랑하	라그랑하	라그랑하	라그랑하						
라마랜드	2.03	가족		7.3		라마랜드	라마랜드	라마랜드						x
라스베가스	1.17	파티	주사위배팅	7.2			라스베가	라스베가	라스베가					
라스베가스로얄(중)	1.44	파티		7.5			라스로얄	라스로얄	라스로얄					
라온	1.20	파티	자모음조합하기	6.4		라온	라온	라온						
라운드더월드(영)	1.00	파티	지리	5.6		라운월드	라운월드	라운월드						
라이	1.00	작은		0.0										x
라이노교수가아는다가오는죽음	-	머더미	머더미스터리						라이노교수					
라이벌시티	2.61	2인		7.4		라이벌시								x
라이슬라	2.25	가족	셋컬렉션	6.9		라이슬라	라이슬라	라이슬라						
라타	2.23	가족	경매/코딩/자원	7.2	라타	라타	라타	라타						
래드랜드	2.25	2인	기지부수기	7.8		래드랜드								
랩터	2.06	2인	추상	7.2		랩터								
랭카스터	2.99	전략	영향력	7.4			랭카스터	랭카스터	랭카스터					
럭키넘버스	1.13	파티	운빨빙고	6.4		럭키넘버	럭키넘버	럭키넘버						
레드룸	-	가족	삼가동님 제공	6.0										
레벨10	1.20	협력	순서대로내기	6.5	레벨10	레벨10	레벨10	레벨10						
레이스포더갤럭시 + 첫번째아크 확장	2.99	2인	액션드래프트	7.7		레포갤	레포갤	레포갤						
레인보우세븐	1.00	작은	작은	6.2		레인보우	레인보우	레인보우						x
레일웨이붐	3.17	배송예정	경매/철도	7.9		레일붐	레일붐	레일붐						x
레즈아르카나 + 확장	2.65	2인	엔진빌딩	7.6		레즈아르								
레코 플러스	-	가족												x
렉시오	1.92	포커	클라이밍	6.8			렉시오	렉시오	렉시오					
로그	-	포커	손패털기				로그	로그	로그					
로빈슨크루소	3.82	협력	생존	7.7	로빈슨	로빈슨	로빈슨	로빈슨						
로스트시티	1.48	2인	셋컬렉션	7.3		로스트시								
롤포더갤럭시	2.78	전략	역할선택/엔진빌딩	7.6		롤포갤	롤포갤	롤포갤	롤포갤					
루미큐브 	1.71	파티	손패털기	6.5		루미큐브	루미큐브	루미큐브						
루이스앤클라크	3.32	전략		7.4	루이스앤	루이스앤	루이스앤	루이스앤						x
루트 + 리버포크 확장	3.81	전략	비대칭전쟁	8.1			루트	루트						
루트비히의 성	2.65	전략	경매/타일놓기	7.5		루트비히	루트비히	루트비히						
루핑루이	1.00	몸	타이밍	6.7										
뤄양의사람들	3.11	2인	자원치환	7.4	뤄양	뤄양	뤄양	뤄양						
르네상스의거장들	2.14	가족		7.1	르네상스	르네상스	르네상스	르네상스						
르아브르	3.72	전략	일꾼놓기	7.8	르아브르	르아브르	르아브르	르아브르						
르아브르 내륙항	2.51	2인	2인	6.8		내륙항								
리바이브	3.42	전략	3X	8.1	리바이브	리바이브	리바이브	리바이브						
리볼버2	2.29	2인	카드대결	6.9		리볼버2								x
마닐라	2.04	가족	운/일꾼놓기	7.0			마닐라	마닐라	마닐라					
마라카이보	3.92	전략	부루마불	8.0	마라카이	마라카이	마라카이	마라카이						
마라케시 + 확장	3.41	전략	포인트샐러드	8.1		마라케시	마라케시	마라케시						
마르코폴로2	3.38	전략	주사위일꾼	7.9		마폴2	마폴2	마폴2						
마법사의물약(독)	1.00	파티		0.0		마법사의	마법사의	마법사의						x
마스크맨	1.77	작은	클라이밍	7.0			마스크맨	마스크맨	마스크맨					
마운틴고트	1.21	파티	주사위/등반	6.8		마운고트	마운고트	마운고트						
마이시티	1.97	전략	협력	7.6		마이시티	마이시티	마이시티						
마이티	2.75	가족	셋컬렉션/팀전	6.9					마이티					
마작 (미니마작)	2.57	포커	족보만들기	7.1				마작						
맨덤의던전	1.38	작은	심리전/수치맞추기	6.5		맨덤의던	맨덤의던	맨덤의던						
메나라	1.55	파티	보드,기둥쌓기	7.4	메나라	메나라	메나라	메나라						
메도우 + 하류 확장	2.26	2인	테크트리	7.7	메도우	메도우	메도우	메도우						
메르브:실크로드의심장	3.43	전략		7.5		메르브	메르브	메르브						x
메모리아일랜드	1.00	작은	기억력	5.8		메모리	메모리	메모리						
메시나1347	3.61	전략		7.5	메시나	메시나	메시나	메시나						x
메이지나이트 얼티밋 에디션	4.66	전략	던전크롤링	8.8	메나	메나	메나							
멘네페르	3.69	전략	포인트샐러드/콤보	8.2	멘네페르	멘네페르	멘네페르	멘네페르						
몇번이고푸른달에불을붙였다	3.00	머더미	머더미스터리	8.7							푸른달			
모던아트 (페가수스)	2.29	가족	경매	7.5			모던아트	모던아트	모던아트					
모두의마블	1.58	가족	부루마불	4.5		모두마블	모두마블	모두마블						x
모렐	1.74	2인	셋컬렉션	7.0		모렐								
모아보새	1.31	파티	파티	6.9		모아보새	모아보새	모아보새	모아보새					
모자익스	1.41	파티	파티	6.5	모자익스	모자익스	모자익스	모자익스						x
몰타의관문	1.77	작은	자원치환	6.8		몰타의관	몰타의관	몰타의관						
문명의시대	2.30	가족	일꾼놓기	7.0	문시	문시	문시	문시						
뮤제	1.19	파티	파티	6.8		뮤제	뮤제	뮤제						
미드가르드의챔피언	2.75	전략	일꾼놓기	7.7		미가챔	미가챔	미가챔						
밀레니엄블레이즈	3.64	전략		7.7		밀블	밀블	밀블	밀블					x
바람의부족	2.66	전략		7.3		바람의부	바람의부	바람의부						x
바르셀로나 (영)	3.36	전략		7.7	바르셀	바르셀	바르셀	바르셀						
반디도	1.12	작은	길막	6.4	반디도	반디도	반디도	반디도						
반지의제왕 가운데땅여정	2.66	협력	탐험	7.9	반지가땅	반지가땅	반지가땅	반지가땅						x
반지의제왕가운데땅에서의대결	2.33	2인	드래프팅/셋컬렉션	8.4		반듀								
반지전쟁	4.23	2인	워게임	8.6		반지전쟁								x
배틀쉽	1.46	파티	추상전략	6.6		배틀쉽	배틀쉽	배틀쉽						
배틀콘 인다인즈의유린	3.00	2인		7.8		배틀콘								x
백로성	3.03	전략	주사위일꾼	8.0	백로성	백로성	백로성	백로성						
백로성대결	2.77	2인	일꾼놓기/콤보	7.9		백듀								
버건디의성 20주년	2.98	2인	주사위액션	8.2		버건디	버건디	버건디						
버라지 (+레이흐바터르 + 나일강 확장)	4.11	전략	일꾼놓기/네트워크	8.1		버라지	버라지	버라지						
번레이트	1.57	가족		6.1		번레이트	번레이트	번레이트						x
범고래고래	1.83	작은	작은	6.6		범고래고	범고래고	범고래고	범고래고					
베일오브이터니티	2.12	가족	셋컬렉션	7.6		베오이	베오이	베오이						
벨에포크파리	2.78	전략		7.2		벨에포크	벨에포크	벨에포크						x
보랏빛리라이트 (머더미스터리미니)	-	머더미	머더미스터리			보랏빛								x
보타닉가든	2.05	가족	셋컬렉션	7.3	보타닉가	보타닉가	보타닉가	보타닉가						
보틀임프	1.87	작은	트릭테이킹	6.7			보틀임프	보틀임프						
본파이어 빅박스	3.63	전략	포인트샐러드	7.6	본파이어	본파이어	본파이어	본파이어						
봄버스터즈	1.99	협력	추론/타일털기	8.0		봄버스터	봄버스터	봄버스터	봄버스터					
봉잡았다	1.00	작은	경매/셋컬렉션	6.4		봉잡았다	봉잡았다	봉잡았다	봉잡았다					
부루마불 클래식	1.58	가족	부루마불	4.5		부루마불	부루마불	부루마불						
북쪽숲을 위하여	1.86	협력	트릭테이킹	7.8	북쪽숲									
분레이크	3.81	전략	동시액션	7.6	분레이크	분레이크	분레이크	분레이크						
분수(영)	2.15	따로		7.4		분수	분수	분수	분수					x
붉은대성당	2.82	전략	자원치환	7.7	붉은대성	붉은대성	붉은대성	붉은대성						
붑	1.32	2인	오목	7.0		붑								
브라스 버밍엄	3.88	전략	네트워킹	8.6		버밍엄	버밍엄	버밍엄						
브라질:임페리얼	2.99	전략		7.5		브라질	브라질	브라질						x
브뤼셀1897	2.86	전략		7.1		브뤼셀	브뤼셀	브뤼셀						x
블랙소나타	2.09	협력	1인추리	7.5	블랙소나									x
블랙아웃홍콩	3.47	전략		7.4	블랙아웃	블랙아웃	블랙아웃	블랙아웃						x
블랙프라이데이	2.71	전략	주식	7.4			블프	블프	블프					
블로커스3D	1.75	가족		6.8		블로3D	블로3D	블로3D						
블리츠크리그	1.73	2인		7.5		블리츠크								
비어앤브레드		2인												
비티컬처 에센셜	2.89	전략	일꾼놓기	8.0	비티컬처	비티컬처	비티컬처	비티컬처	비티컬처					
빅샷	1.98	가족	경매	7.0		빅샷	빅샷	빅샷						x
빌라봉	1.88	가족	레이싱/밟기	6.8		빌라봉	빌라봉	빌라봉						
빌리저	2.22	가족	테크타기	7.1	빌리저	빌리저	빌리저	빌리저						
빌리지 빅박스	3.15	전략	일꾼놓기	7.8	빌리지	빌리지	빌리지	빌리지	빌리지					
사그라다	1.92	가족	주사위퍼즐	7.5	사그라다	사그라다	사그라다	사그라다						
사이드 (준풀확)	3.45	전략	엔진빌딩/영향력	8.1	사이드	사이드	사이드	사이드	사이드					
사이베리온	1.93	협력	솔플	7.9	사이베리	사이베리								
산타마리아	3.03	전략		7.5	산타마리	산타마리	산타마리	산타마리						x
생츄어리 아크노바게임	2.80	전략		7.7	생츄어리	생츄어리	생츄어리	생츄어리						x
서머너워즈	2.58	2인	2인	8.1		서머너워								x
서스펙트게임 : 클로즈드 서클 미스터리	2.25	머더미	머더미스터리	8.3				서스펙트						
서스펙트게임 리로드	2.25	머더미	머더미스터리	8.3				서스펙트						x
서쪽왕국의건축가	2.76	전략	일꾼놓기	7.7	서왕건	서왕건	서왕건	서왕건	서왕건					x
서쪽왕국의성기사	3.72	2인	풀빌딩	8.0	서왕성	서왕성	서왕성							
석기시대	2.46	가족	일꾼놓기	7.5		석기시대	석기시대	석기시대						
선물입니다	1.00	작은	벌점덜먹기	5.4				선물입니						
선셋오버워터	1.65	가족	힐링셋컬렉션	6.9	선셋오버	선셋오버	선셋오버	선셋오버						
성투	-	작은	작은											
세븐원더스 대결 + 판테온 확장	2.23	2인	드래프트	8.1		세듀								
세티	3.76	전략		8.4	세티	세티	세티	세티						
센추리1 향신료의 길	1.80	가족	덱빌딩	7.3		센추리1	센추리1	센추리1	센추리1					
센추리2 동방의 바다	2.12	가족	덱빌딩셋컬렉션	7.1		센추리2	센추리2	센추리2						x
셜록13	1.63	파티	추리	6.3			셜록13	셜록13						
솔튼씨	3.79	2인		7.4	솔튼씨	솔튼씨	솔튼씨							
쇼텐토텐	1.68	2인	족보만들기	7.4		쇼텐토텐								
수목원 (영)	2.12	작은		7.3		수목원	수목원	수목원						
슈뢰딩거의고양이	2.05	가족	트릭테이킹	7.4			슈뢰딩거	슈뢰딩거	슈뢰딩거					
스릴팡	1.00	몸	타이밍잡기	6.5			스릴팡	스릴팡						
스카우트	1.35	작은	클라이밍	7.8			스카우트	스카우트	스카우트					
스카이마인	3.88	전략		7.9	스카이마	스카이마	스카이마	스카이마						x
스카이섬	2.17	가족	경매/타일놓기	7.9		스카이섬	스카이섬	스카이섬	스카이섬					
스카이팀 + 난기류확장	2.03	협력	협력	8.1		스카이팀								
스크래블 딜럭스	2.06	가족	단어만들기	6.3		스크래블	스크래블	스크래블						
스키티아의침략자	2.76	전략		7.7	스키티아	스키티아	스키티아	스키티아						
스타워즈 덱빌딩	2.03	2인	덱빌딩	7.8		스타덱빌								
스타트업스	1.57	작은	작은	7.2			스타트업	스타트업	스타트업					
스탁파일	2.11	가족	주식	7.4			스탁파일	스탁파일	스탁파일					
스트라테고 퀵배틀	1.33	2인		6.2		스트라테								x
스파이vs스파이	1.63	2인	블랙잭	7.1		스파이vs								
스페이스 크루	1.95	협력	트릭테이킹	7.8			스페이스	스페이스	스페이스					
스플렌더	1.78	가족	엔진빌딩	7.4		스플렌더	스플렌더	스플렌더						
스플렌더 대결	1.99	2인	셋컬렉션	7.9		스듀								
스플렌더 마블	1.80	가족	셋컬렉션	7.6		마블렌더	마블렌더	마블렌더						
스플렌더 찬란한도시확장	2.16	가족		7.3		찬란한도	찬란한도	찬란한도						
스플렌더 포켓몬	1.90	가족	엔진빌딩	7.9		포플렌더	포플렌더	포플렌더						
슬리핑퀸즈	1.06	파티	카드내기	6.5		슬리핑퀸	슬리핑퀸	슬리핑퀸	슬리핑퀸					
시간을달리는트라이앵글 (머더미스터리미니 )	1.24	머더미	머더미스터리	6.9		시간을달	시간을달							x
시계탑에흐른피	3.04	별도	마피아	8.4							시계탑	시계탑	~12, ~16	
시냅스챌린지2	1.20	파티	퀴즈	6.4		시냅스	시냅스	시냅스	시냅스					
시볼루션	4.23	전략	주사위조합액션	8.2	시볼루션	시볼루션	시볼루션	시볼루션						
시즌스 (+마법에걸린왕국, 운명의길 확장)	2.78	2인	엔진빌딩	7.3		시즌스	시즌스							
시체와온천 (머더미스터리미니)	2.00	머더미	머더미스터리	7.3				시체온천	시체온천					x
시티체이스	1.25	2인	추리	6.3		시티체이	시티체이	시티체이						
실버 아뮬렛	1.77	가족	심리전	7.0		실버	실버	실버						
썬플라워밸리	1.73	가족	롤앤라이트	6.5		썬플라워	썬플라워	썬플라워						x
쓰루디에이지스 신판	4.44	전략	액션포인트	8.3		쓰루	쓰루	쓰루						
아그리콜라	3.64	전략	일꾼놓기	8.0	아콜	아콜	아콜	아콜	아콜					
아그리콜라 크고작은생물들 + 확장	2.32	2인	일꾼놓기	7.7		크작생								
아노1800	3.12	전략	도시건설	7.7		아노1800	아노1800	아노1800						
아를의평원	3.67	2인	일꾼놓기/자원치환	8.3	아를	아를	아를							
아발론 클래식	2.16	2인	추상	6.5		아발론								
아브라카왓	1.65	가족	추리	6.6			아브라카	아브라카	아브라카					
아야르	3.19	배송예정		8.0		아야르	아야르	아야르						x
아줄	1.76	가족	폭탄돌리기	7.7		아줄	아줄	아줄						
아컴호러카드게임 + 던위치 확장	3.54	협력	덱구축	8.1	아딱	아딱								
아쿠아티카	2.30	가족		7.4		아쿠아티	아쿠아티	아쿠아티						x
아크노바 + 마린월드 확장	3.77	전략	엔진빌딩	8.5	아크노바	아크노바	아크노바							
아크로폴리스	1.80	가족	퍼즐쌓기	7.4		아크로폴	아크로폴	아크로폴						
아키텍추라	1.81	가족	건물배치	6.0		아키텍추	아키텍추	아키텍추						
알렉산드리아의도서관	4.42	배송예정		7.8		대도서관	대도서관	대도서관						x
알마마터	3.75	전략		7.3		알마마터	알마마터	알마마터						
알케미스트 (왕의골렘 합본)	3.93	전략	추리	7.6		알케미	알케미	알케미						
암스테르담	3.41	전략		7.6		암스테르	암스테르	암스테르						x
애꾸눈선장룰렛게임	1.00	따로	-	0.0										
액시스앤얼라이어스1941 (영)	2.78	2인	워게임	6.4		A&A1941	A&A1941	A&A1941	A&A1941					
액시스앤얼라이어스1942 (영)	3.15	전략	워게임	6.9		A&A1942	A&A1942	A&A1942	A&A1942					
야옹섬	2.36	가족	타일놓기	7.6	야옹섬	야옹섬	야옹섬	야옹섬						
양적완화(Q.E.)	1.57	가족	경매	7.3			양적완화	양적완화	양적완화					
어비스	2.32	가족		7.3		어비스	어비스	어비스						x
어센션	2.14	가족	상원님 제공	7.8		어센션	어센션	어센션						
어스	2.91	2인	엔진빌딩	7.6	어스	어스	어스	어스						
언더워터시티즈	3.58	전략	엔진빌딩	8.0	언워시	언워시	언워시							x
언더폴링스카이즈	2.40	협력	1인디펜스	7.6	언폴스									
언락:철가면을찾아서	1.56	방탈출	방탈출	6.5	언락철가	언락철가	언락철가	언락철가						x
언락1	2.10	방탈출	방탈출	7.3		언락1	언락1	언락1						
언락2	2.07	방탈출	방탈출	7.3		언락2	언락2	언락2						
언락3	2.14	방탈출	방탈출	7.5		언락2	언락2	언락2						
언락5	2.23	방탈출	방탈출	7.6	언락5	언락5	언락5	언락5						
언락6	2.05	방탈출	방탈출	7.7	언락6	언락6	언락6							
언락7	2.13	방탈출	방탈출	7.7	언락7	언락7	언락7							
언매치드	1.92	2인	SRPG/카드	7.7		언매치드		언매치드						
얼티밋레일로드	3.28	전략	일꾼놓기	7.7	얼레	얼레	얼레	얼레						
에버델	2.83	전략	일꾼놓기	8.0	에버델	에버델	에버델	에버델						
에버델듀오		2인												x
에에스오브스페이드	2.50	협력	포커/성장	7.4	에오스	에오스								x
에이다	-	머더미	머더미스터리	0.0					에이다					x
에이언즈 엔드	2.81	협력	덱빌딩	7.9	에엔	에엔	에엔	에엔						
에이전트애비뉴	1.23	2인	카드나눠먹기	7.6		에이전트		에이전트						
에즈라와 느헤미아	3.84	전략	포인트샐러드/콤보	8.2	에즈라	에즈라	에즈라	에즈라						
엑시트 버려진오두막	2.55	방탈출	방탈출	7.4	엑시트	엑시트	엑시트	엑시트						
엑시트 불길한고성	3.27	방탈출	방탈출	6.8	엑시트		엑시트	엑시트						
엑시트 연구실의비밀	2.53	방탈출	방탈출	7.0	엑시트	엑시트	엑시트	엑시트						
엑시트 저주받은 섬	2.58	방탈출	방탈출	6.9	엑시트	엑시트	엑시트							
엔데버 대항해시대	2.84	전략		7.9		엔데버대	엔데버대	엔데버대	엔데버대					x
엔데버심해	2.91	전략	경쟁/협력	8.2	심해	심해	심해	심해						
엔들리스윈(+확장2)	3.32	전략	짬뽕	7.6	엔들리스	엔들리스	엔들리스	엔들리스						x
엘더베일의거처	3.25	전략	영향력/주사위	8.1	엘더베일	엘더베일	엘더베일	엘더베일	엘더베일					
엘드리치호러 (+확장)	3.32	협력		7.7	엘드리치	엘드리치	엘드리치	엘드리치						
엘리베이터앞에서	1.41	작은	작은	7.0			엘리베	엘리베						
영리한여우	1.87	가족	롤앤라이트	7.6	영리한여	영리한여	영리한여	영리한여						
영웅을빌려줘	1.48	파티		6.3			영웅빌려	영웅빌려	영웅빌려					
오 미우바우	1.63	가족	클라이밍	7.0		미우바우	미우바우	미우바우	미우바우					
오딘을위하여 + 노르웨이 사람들 확장 + 소형확장1	3.99	전략	일꾼놓기	8.2	오딘	오딘	오딘	오딘						
오라파마인	1.92	작은	추리	7.4		오라파								
오를레앙+확장2	3.01	전략	백빌딩/셋컬렉션	8.0		오를레앙	오를레앙	오를레앙						
오를로이	3.54	배송중		8.0	오를로이	오를로이	오를로이	오를로이						x
오리진스+확장	3.31	전략		7.0	오리진스	오리진스	오리진스	오리진스						x
오버부킹	1.83	작은	작은	6.5			오버부킹	오버부킹						
오스티아		전략												x
오하나미	1.14	작은	작은	7.3		오하나미	오하나미	오하나미						
온마스	4.63	전략	일꾼놓기	8.2	온마	온마스	온마스	온마스						
왕국의수도 프라하	3.73	전략	론델/짬뽕	7.8	프라하	프라하	프라하	프라하						
요람에서무덤까지	1.00	작은	나이올리기	5.3			요람무덤	요람무덤	요람무덤					
요코하마	3.29	전략		7.8		요코하마	요코하마	요코하마						
용사가죽었다(미스터리파티시리즈)	-	머더미	머더미스터리											x
우드크래프트	3.83	전략	셋컬렉션/계약달성	7.6	우드크래	우드크래	우드크래							
우봉고 3D프로	1.94	가족	퍼즐	7.1	우봉고3D	우봉고3D	우봉고3D	우봉고3D						
우봉고3D	1.67	가족	퍼즐	7.0	우봉고3D	우봉고3D	우봉고3D	우봉고3D						
우봉고미니	1.17	파티	퍼즐	5.6	우봉미니	우봉미니	우봉미니	우봉미니						
워체스트	2.30	2인	추상	7.8		워체스트		워체스트						
워터게이트	2.27	2인	영향력	7.7		워터게이								
워터딥의군주들	2.45	가족		7.7		워터딥	워터딥	워터딥	워터딥					x
원더랜드워 풀확	3.02	전략	백빌딩/영향력	8.0		원워	원워	원워						
원더풀월드 + 부폐와진보 확장 + 전쟁과 평화 확장	2.32	가족	카드드래프트	7.6	원더풀월	원더풀월	원더풀월	원더풀월	원더풀월					
원더풀킹덤	2.59	2인	카드드래프트	7.1		원더풀킹								
원덱던전 + 스토리즈 확장	2.33	협력	던전크롤링	6.9	원덱던전	원덱던전								x
웨일스트리트 + 전용매트	2.25	가족	주식/홀덤	6.9			웨일스트	웨일스트	웨일스트					
웬디어른이되렴(머더미스터리미니)	2.00	머더미	머더미스터리	8.5			웬디	웬디	웬디					
웰컴백투더던전	1.31	파티	심리전/수치맞추기	6.7		웰컴백투	웰컴백투	웰컴백투						x
위대한로렌초	3.30	전략	주사위일꾼	7.8		로렌초	로렌초	로렌초						
위치스톤	2.76	전략	셋컬렉션	7.5		위치스톤	위치스톤	위치스톤						
윈드밀밸리		전략												x
윙스팬 + 아시아 + 오세아니아	2.47	전략	엔진빌딩	8.0	윙스팬	윙스팬	윙스팬	윙스팬						
육식동물짓이야	1.80	파티	추리	7.1	육식동물	육식동물								
이베큐에이션	3.98	2인		7.5	이베큐	이베큐	이베큐	이베큐						x
이봐그건내물고기야(영)	1.45	파티		6.7		이봐그건	이봐그건	이봐그건						
이스탄불 주사위게임	1.80	가족	주사위자원	7.1		이탄주	이탄주	이탄주						
이지컴이지고	1.02	작은	주사위/컬렉션	6.0		이지컴	이지컴	이지컴						
익스플로딩키튼	1.08	파티	파티	6.1			익스키튼	익스키튼	익스키튼					
인더스트리아	2.31	가족	경매/자원치환	7.4		인더스트	인더스트	인더스트						
인사이더블랙	1.11	작은	스무고개/내부자	7.2					인사이더					
인사이드잡	1.65	가족	트릭테이킹/마피아	7.0			인사이잡	인사이잡	인사이잡					x
인쉬	2.65	2인	추상	7.7		인쉬								
임페리얼스팀	4.23	전략		7.7		임페리얼	임페리얼	임페리얼						x
임호텝	2.02	가족	눈치게임	7.1		임호텝	임호텝	임호텝						
임호텝 대결	1.97	2인	수싸움	7.1		임호텝듀								
자금성 디럭스	3.08	전략		7.4	자금성	자금성	자금성	자금성	자금성					x
자반도르의셉터	3.51	전략	엔진빌딩	7.0		자반도르	자반도르	자반도르	자반도르					
자이푸르	1.47	2인	셋컬렉션	7.5		자이푸르								
전국 첫번째제국	3.83	전략		7.9	전국	전국	전국	전국						x
전지적추리시점	2.13	방탈출	추리	7.7		전지추리	전지추리	전지추리						
점박이	1.31	파티	주사위만들기	7.1		점박이	점박이	점박이						
정령섬 + 가지와발톱 확장	4.07	협력	디펜스	8.3	정령섬	정령섬	정령섬	정령섬						
제왕의깃발	1.68	가족		7.1			제왕의깃	제왕의깃	제왕의깃					
제왕의불꽃	2.33	가족		7.2			제왕의불	제왕의불	제왕의불					x
젠가	1.00	몸	빼기	5.7										
좀비사이드 무기를 들어라	1.84	협력	핵앤슬래시	7.0	좀사무기	좀사무기	좀사무기							
종이와바다	1.44	작은	고스톱	7.5		종이와바	종이와바	종이와바						
죄와벌의도서관(미스터리파티시리즈)	-	머더미	머더미스터리											
줄로레또	1.86	가족		6.8		줄로레또	줄로레또	줄로레또	줄로레또					x
지킬&하이드&스코틀랜드야드	2.16	협력	트릭테이킹/협력	7.3		지킬하이드								
차이나타운	2.24	가족	협상/셋컬렉션	7.4				차이나타	차이나타					
챠오챠오	1.10	파티	주사위눈금/심리전	6.0		챠오챠오	챠오챠오	챠오챠오						
첫번째화성인	4.15	협력	생존	6.4	화성인	화성인	화성인	화성인						x
체스	3.65	2인	추상전략	7.2		체스								
촐킨	3.67	전략	일꾼놓기/자원치환	7.8		촐킨	촐킨	촐킨						
치킨차차 미니	1.12	파티	기억력	6.6		치킨차차	치킨차차	치킨차차						
칠교신도시	1.59	가족	타일놓기	6.8	칠교도시	칠교도시	칠교도시	칠교도시						x
카나가와	2.00	가족	셋컬렉션	7.0		카나가와	카나가와	카나가와						
카네기	3.81	전략	액션드래프트	8.0	카네기	카네기	카네기	카네기						
카르카손 20주년 기념판	1.85	가족	타일놓기	8.0		카르카손	카르카손	카르카손						
카르페디엠	2.51	전략		7.5		카르페디	카르페디	카르페디						x
카리바	1.07	작은	카드먹기	7.0		카리바	카리바	카리바						
카베르나 + 잊힌종족 확장	3.78	전략	일꾼놓기/농사	7.9	카베르나	카베르나	카베르나	카베르나	카베르나					
카베르나 동대동	2.55	2인	일꾼놓기	7.1	동대동	동대동								
카보	1.28	작은		7.3		카보	카보	카보						
카이사르	1.93	2인	영향력	7.5		카이사르								
카탄(영) + 기사,56인 확장	2.29	가족	주사위땅따먹기	7.1			카탄	카탄						
카후나	2.05	2인	영향력/점령	6.6		카후나								
캐노피	2.01	가족		7.2	캐노피	캐노피								
캐스캐디아	1.85	가족	타일놓기	7.9	캐캐	캐캐	캐캐	캐캐						
캐슬콤보	1.74	가족	카드드래프트	7.7		캐슬콤보	캐슬콤보	캐슬콤보						
캘리코	2.18	가족	타일놓기	7.5	캘리코	캘리코	캘리코	캘리코						
캡틴블랙잭	1.25	파티	21만들기	6.2		캡틴블랙	캡틴블랙	캡틴블랙	캡틴블랙					
캣레이디	1.50	파티	셋컬렉션	7.5		캣레이디	캣레이디	캣레이디						
커피러시	1.82	가족	주문서달성	7.1		커피러시	커피러시	커피러시						
컬러레또	1.27	작은	같은색모으기	7.0		컬러레또	컬러레또	컬러레또	컬러레또					
케일러스1303	2.86	전략		7.4		케일러스	케일러스	케일러스	케일러스					x
코덱스	1.76	가족	타일놓기/셋컬	7.2		코덱스	코덱스	코덱스						
코드네임 듀엣	1.35	협력	단어연상	7.4		코드듀엣								
코티지가든	1.89	가족	타일놓기	6.8	코티지	코티지	코티지	코티지						x
콩코르디아 + 비너스 확장	2.99	전략		8.1		콩코르디	콩코르디	콩코르디	콩코르디					
콰이어트하우스	2.00	협력	방탈출	6.9		콰이어트	콰이어트	콰이어트						
쿠키런킹덤	2.00	가족	일꾼놓기	6.5		쿠키런킹	쿠키런킹	쿠키런킹						
쿠키박스 포켓몬	1.00	파티	순발력	6.7		쿠키박스	쿠키박스	쿠키박스						
쿠트나호라	3.30	전략		7.8		쿠트나	쿠트나	쿠트나						x
쿼리도	1.81	2인	길막기	6.6		쿼리도								
쿼키서킷	1.77	가족	프로그래밍	7.1		쿼키서킷	쿼키서킷	쿼키서킷						
퀵소	1.62	2인	패턴빌딩	6.3		퀵소		퀵소						x
퀸도미노	2.05	가족	타일놓기	7.1		퀸도미노	퀸도미노	퀸도미노						
큐비토스	2.19	가족	주사위빌딩/레이싱	7.4		큐비토스	큐비토스	큐비토스						
크라스카리어트	1.40	작은	클라이밍	7.0			크라스카	크라스카						
크루세이더	2.46	가족	만칼라/영향력	7.5		크루세이	크루세이	크루세이						
크리스탈팰리스	3.79	전략		7.5		크리팰리	크리팰리	크리팰리						x
크베들린부르크의돌팔이약장수	1.94	가족	백빌딩	7.8		돌팔이	돌팔이	돌팔이						
클라스크	1.05	몸	에어하키	7.6		클라스크								
클랜오브칼레도니아	3.46	전략	땅따먹기/계약서달성	7.9	클오칼	클오칼	클오칼	클오칼						
클랭크	2.22	가족	덱빌딩어드벤처	7.8		클랭크	클랭크	클랭크						
클랭크카타콤	2.50	가족	덱빌딩/루팅	8.2		클타콤	클타콤	클타콤						
클러스터	1.01	몸	자석피하기	6.6		클러스터	클러스터	클러스터						
클레임1+클레임2	1.65	2인	트릭테이킹	6.9		클레임								
클리닉	3.98	전략		7.6	클리닉	클리닉	클리닉	클리닉						x
키친러시	2.18	가족	타이쿤	7.2	키친러시	키친러시	키친러시	키친러시						
킹덤오브다이스	1.00	파티	주사위족보	6.7	킹덤다이	킹덤다이	킹덤다이	킹덤다이						
킹도미노	1.23	2인	타일놓기	7.3		킹도미노	킹도미노	킹도미노						
타르기	2.34	2인	일꾼놓기기	7.6		타르기								
타이니에픽던전 + 스토리즈 확장	3.08	협력	던전크롤링	7.5	타에던	타에던	타에던	타에던						
타이니타운	2.05	가족	타일놓기	7.2	타이니타	타이니타	타이니타	타이니타	타이니타					
탁상탐정단1	-	머더미	머더미스터리			탁상탐정	탁상탐정	탁상탐정						
탁상탐정단2	-	머더미	머더미스터리			탁상탐정	탁상탐정	탁상탐정						
탁상탐정단3	-	머더미	머더미스터리											x
탁상탐정단4	-	머더미	머더미스터리											x
탐험가들	1.83	가족	덱빌딩/레이싱	7.2		탐험가들	탐험가들	탐험가들						
태양너머로 (+새여명의지도자들 확장)	3.13	전략	테크트리	7.9		BTS	BTS	BTS						
태양신라	2.32	가족	경매	7.7			태양신라	태양신라	태양신라					
테라포밍마스 + 서곡 + 맵확장	3.26	전략	엔진빌딩	8.3	테포마	테포마	테포마	테포마						
테라포밍마스주사위	2.37	가족	주사위자원/엔진빌딩	7.3	테포주	테포주	테포주	테포주						
테오티우아칸	3.77	전략		7.8	테티칸	테티칸	테티칸	테티칸						x
테케누	4.07	전략		7.7	테케누	테케누	테케누	테케누						x
텔미모어	1.00	작은	작은	6.7										x
트라야누스	3.63	전략	포인트샐러드	7.7		트라야	트라야	트라야						
트루아 (영)	3.46	전략	주사위일꾼/점수달성	7.7		트루아	트루아	트루아						
트릭케리언	4.26	전략		8.0		트릭케리	트릭케리	트릭케리						x
트릭테이커스	2.82	전략	비대칭/트릭테이킹	7.4		트릭테이	트릭테이	트릭테이	트릭테이					
티츄 딜럭스	2.00	작은	팀클라이밍	7.4				티츄						
티칼	2.78	전략	액션포인트	7.3		티칼	티칼	티칼						
티켓투라이드 유럽 15주년 기념판	1.92	가족	셋컬렉션	7.5		티투라	티투라	티투라	티투라					
티키토플	1.29	파티	경마/순서조절	6.5		티키토플	티키토플	티키토플						
틸레툼	3.41	2인	주사위론델	7.9	틸레툼	틸레툼	틸레툼							
파러웨이	1.91	가족	프로그래밍	7.6		파러웨이	파러웨이	파러웨이	파러웨이					
파수꾼들 셋어와치	2.43	배송예정	던전크롤링	7.2	파수꾼들	파수꾼들	파수꾼들	파수꾼들						x
팍스파미르	3.85	전략		8.1	팍스파미	팍스파미	팍스파미	팍스파미	팍스파미					x
판타지디펜스	2.08	협력	1인/디펜스	6.7	판타디펜	판타디펜								
판타지왕국	1.81	가족	족보모으기	7.5		판타지왕	판타지왕	판타지왕	판타지왕					
팔레오	2.63	협력	생존	7.7	팔레오	팔레오	팔레오	팔레오						
패치워크 크리스마스에디션	1.60	2인	퍼즐	7.6		패치워크								
팬데믹 + 벼랑끝에서 확장	2.40	협력	디펜스	7.5	팬데믹	팬데믹	팬데믹	팬데믹						
팬암(영)	2.41	가족		7.5		팬암	팬암	팬암						x
퍼스트클래스	2.80	전략	철도/콤보/카드	7.4		퍼스트클	퍼스트클	퍼스트클						x
펄서2849	3.35	전략		7.6		펄서2849	펄서2849	펄서2849						x
페야의늪	3.08	전략		7.6			페야의늪	페야의늪						x
페이퍼사파리	1.20	작은	운/카드획득	6.8			페이퍼사	페이퍼사	페이퍼사					
페이퍼사파리(스모키)	1.20	작은	벌점덜먹기	6.8			페이퍼사	페이퍼사	페이퍼사					
펜스테르담	-	전시	퍼즐	7.0	펜스	펜스								
펠리시티 자루속고양이	1.40	파티	경매/점수모으기	6.6			펠리시티	펠리시티	펠리시티					
펭귄얼음깨기	1.00	몸	폭탄돌리기	5.9		펭귄얼음	펭귄얼음	펭귄얼음						
포레스트셔플	2.21	2인	포인트샐러드	7.7		포레셔플	포레셔플	포레셔플						
포비든데저트	2.04	협력		7.1	포비든데	포비든데	포비든데	포비든데	포비든데					
포비든아일랜드	1.73	협력	탈출	6.8	포비든아	포비든아	포비든아	포비든아						
포션폭발 + 다섯번째학생 확장	1.77	가족	구슬콤보	7.1		포션폭발	포션폭발	포션폭발						
포켓디텍티브 (1~3)	1.44	방탈출	추리	6.7	포켓디텍	포켓디텍	포켓디텍	포켓디텍						x
포켓몬사다리게임	1.00	몸	주사위	0.0										x
포트로얄	1.61	가족	푸시유어럭	7.1		포트로얄	포트로얄	포트로얄	포트로얄					
폭시	1.00	파티	기억력	7.2	폭시	폭시	폭시	폭시	폭시					
푸들택시	1.00	작은		6.3										
푸에르토리코 2014	3.25	전략	액션드래프트	7.9		푸코	푸코	푸코	푸코					
프라이머 각성	3.84	배송예정	보스레이드	8.6	프라이머	프라이머	프라이머	프라이머						x
프레스코	2.64	전략	경매/셋컬렉션	7.2		프레스코	프레스코	프레스코						
프로젝트L	1.56	가족	퍼즐	7.5	프로젝트L	프로젝트L	프로젝트L	프로젝트L						
플립타운	2.41	가족	플립앤라이트	7.8	플립타운	플립타운	플립타운	플립타운						
피렌체의제후 (영)	3.24	전략	경매	7.5			피렌체의	피렌체의	피렌체의					
핀카	2.08	가족	셋컬렉션	7.3		핀카	핀카	핀카						
필름을감아(일)	2.03	작은		7.4		필름감아	필름감아	필름감아						x
하나미코지	1.68	2인		7.5		하나코지								
하나비 거대한불꽃	2.07	협력	협력	7.6		하나비	하나비	하나비	하나비					
하다라	2.21	가족	셋컬렉션	7.4		하다라	하다라	하다라	하다라					
하드리아누스방벽	3.15	전략	롤앤라이트	7.9	하드리아	하드리아	하드리아							
하모니즈	2.01	가족	타일놓기	8.0	하모니즈	하모니즈	하모니즈	하모니즈						
하이브	2.31	2인	추상	7.3		하이브								
하이소사이어티	1.48	작은	경매	7.2			하이소사	하이소사	하이소사					
하트오브크라운페어리 + 확장2	2.54	가족	덱빌딩	8.0		하오크	하오크	하오크						
한자토이토니카 빅박스	2.95	전략	영향력	7.7			한토토	한토토	한토토					
할러타우	3.30	전략	일꾼놓기	7.8	할러타우	할러타우	할러타우	할러타우						
할리갈리컵스	1.04	파티	순발력	6.2		할리컵스	할리컵스	할리컵스						
할리우드골든에이지	2.10	가족		7.1			할리우드	할리우드	할리우드					
항로개척자	2.00	협력	1인	7.8	항로개척									
해기스	2.11	2인	클라이밍	7.0		해기스	해기스							
핵클레드 + 확장	2.70	전략		7.5	핵클레드	핵클레드	핵클레드	핵클레드						
햄버거타이쿤	-	몸	순발력			햄타이쿤								
행복을찾아서	2.56	전략	일꾼놓기/목표달성	7.2	행복을찾	행복을찾	행복을찾	행복을찾						
행성x를찾아서	2.42	가족	추리	7.9	행성X	행성X	행성X	행성X						
허즐방탈출 Hex-it	-	방탈출	방탈출											
헤게모니 + 역사적사건들 확장	4.20	전략		8.2		헤게모니	헤게모니	헤게모니						x
혁신의시대	4.26	전략	땅따먹기	8.5	혁시	혁시	혁시	혁시	혁시					
황금의강(영)	2.49	전략		7.6		황금의강	황금의강	황금의강						x
황금의땅 엘도라도	1.94	가족	덱빌딩레이싱	7.7		엘도라도	엘도라도	엘도라도						
황하와장강	3.07	전략	추상전략/영향력	7.8		황하장강	황하장강	황하장강						
황혼의투쟁	3.61	2인	영향력	8.2		황투								
후지	2.17	협력	주사위비교/탈출	6.6		후지	후지	후지						
휘슬마운틴	3.04	전략		7.5		휘슬마운	휘슬마운	휘슬마운						x
														
														
														
														
														
														
														
														
														
럼블네이션		구매예정												
테베	2.16	x				테베	테베	테베						